{"is_source_file": true, "format": "bash", "description": "A startup script for initializing and managing a PostgreSQL server, including setup of database, user permissions, and environment configuration.", "external_files": ["/usr/lib/postgresql/", "/var/lib/postgresql/data", "db_visualizer/postgres.env", "db_connection.txt"], "external_methods": ["ls", "sudo -u postgres ${PG_BIN}/pg_isready", "sudo -u postgres ${PG_BIN}/psql", "sudo -u postgres ${PG_BIN}/initdb", "sudo -u postgres ${PG_BIN}/postgres", "sudo -u postgres ${PG_BIN}/createdb", "pgrep -f", "sleep", "cat"], "published": ["db_connection.txt", "db_visualizer/postgres.env"], "classes": [], "methods": [], "calls": ["ls /usr/lib/postgresql/", "sudo -u postgres ${PG_BIN}/pg_isready -p ${DB_PORT}", "sudo -u postgres ${PG_BIN}/psql -p ${DB_PORT} -d ${DB_NAME} -c '\\q'", "pgrep -f \"postgres.*-p ${DB_PORT}\"", "sudo -u postgres ${PG_BIN}/initdb -D /var/lib/postgresql/data", "sudo -u postgres ${PG_BIN}/postgres -D /var/lib/postgresql/data -p ${DB_PORT}", "sudo -u postgres ${PG_BIN}/createdb -p ${DB_PORT} ${DB_NAME}", "sudo -u postgres ${PG_BIN}/psql -p ${DB_PORT} -d postgres", "sudo -u postgres ${PG_BIN}/psql -p ${DB_PORT} -d ${DB_NAME}", "cat db_connection.txt", "cat > db_visualizer/postgres.env", "echo 'PostgreSQL setup complete!'", "echo 'Environment variables saved to db_visualizer/postgres.env'", "echo 'To use with Node.js viewer, run: source db_visualizer/postgres.env'", "echo 'psql -h localhost -U ${DB_USER} -d ${DB_NAME} -p ${DB_PORT}'", "cat db_connection.txt"], "search-terms": ["startup.sh", "PostgreSQL setup script", "database initialization", "permissions setup", "environment configuration", "psql commands"], "state": 2, "file_id": 7, "knowledge_revision": 14, "git_revision": "b7b98e0b215d51c7170a7550f7968f45eed6a2e3", "hash": "fa2aa67ea0a7c72f7c0958282f15a864", "format-version": 4, "code-base-name": "postgresql_database", "filename": "postgresql_database/startup.sh", "revision_history": [{"14": "b7b98e0b215d51c7170a7550f7968f45eed6a2e3"}]}