{"is_source_file": false, "format": "", "description": "", "external_files": [], "external_methods": [], "published": [], "classes": [], "methods": [], "calls": [], "search-terms": ["HTML", "Database Viewer", "index.html", "UI layout", "JavaScript", "client-side scripting", "database browsing", "table rendering", "dynamic content", "AJAX", "fetch API", "data visualization"], "state": 2, "file_id": 6, "knowledge_revision": 11, "git_revision": "b7b98e0b215d51c7170a7550f7968f45eed6a2e3", "hash": "ee63333a4841bf025439c755a74c9881", "format-version": 4, "code-base-name": "postgresql_database", "filename": "postgresql_database/db_visualizer/public/index.html", "revision_history": [{"11": "b7b98e0b215d51c7170a7550f7968f45eed6a2e3"}]}