{"is_source_file": true, "format": "bash", "description": "This is a shell script that automates restoring a database from various backup files, supporting SQLite, PostgreSQL, MySQL, and MongoDB.", "external_files": ["database_backup.db", "database_backup.sql", "database_backup.archive"], "external_methods": ["pg_isready", "psql", "mysqladmin", "mysql", "mongosh", "mongorestore"], "published": [], "classes": [], "methods": [], "calls": ["ls /usr/lib/postgresql/", "sudo -u postgres pg_isready", "psql", "mysqladmin ping", "mysqladmin ping", "mysql", "mongosh", "mongorestore", "mysql --socket", "sudo mysql --socket", "sudo mysql"], "search-terms": ["restore_db.sh", "database_restore", "multi-database restore", "PostgreSQL restore", "MySQL restore", "MongoDB restore", "backup detection", "database backup files"], "state": 2, "file_id": 3, "knowledge_revision": 12, "git_revision": "b7b98e0b215d51c7170a7550f7968f45eed6a2e3", "hash": "67505395c0df4c9c001ab8f47571f3fb", "format-version": 4, "code-base-name": "postgresql_database", "filename": "postgresql_database/restore_db.sh", "revision_history": [{"12": "b7b98e0b215d51c7170a7550f7968f45eed6a2e3"}]}