{"is_source_file": true, "format": "Bash script", "description": "A universal database backup script that detects and backs up SQLite, PostgreSQL, MySQL, and MongoDB databases on the system. It checks for the presence and running status of various database services and performs backups accordingly, supporting different connection methods and credentials.", "external_files": ["/usr/lib/postgresql/", "/var/run/mysqld/mysqld.sock"], "external_methods": ["ls", "cp", "sudo", "mysqladmin", "mysql", "mysqldump", "mongosh", "mongodump"], "published": [], "classes": [], "methods": [], "calls": ["ls", "cp", "sudo", "mysqladmin ping", "mysql -h localhost -P ${DB_PORT} -u ${DB_USER} -p${DB_PASSWORD} -e \"SELECT 1\"", "mysqldump", "mongosh --port ${DB_PORT} --eval \"db.adminCommand('ping')\"", "mongodump --port ${DB_PORT} --db ${DB_NAME} --archive=database_backup.archive --quiet"], "search-terms": ["backup_db.sh", "database backup script", "PostgreSQL backup", "MySQL backup", "MongoDB backup", "database detection", "database credentials", "shell script database"], "state": 2, "file_id": 2, "knowledge_revision": 13, "git_revision": "b7b98e0b215d51c7170a7550f7968f45eed6a2e3", "hash": "7af9aa35fa4940f934d83f6e2621b732", "format-version": 4, "code-base-name": "postgresql_database", "filename": "postgresql_database/backup_db.sh", "revision_history": [{"13": "b7b98e0b215d51c7170a7550f7968f45eed6a2e3"}]}