{"is_source_file": false, "format": "", "description": "", "external_files": [], "external_methods": [], "published": [], "classes": [], "methods": [], "calls": [], "search-terms": [], "state": 2, "file_id": 5, "knowledge_revision": 9, "git_revision": "b7b98e0b215d51c7170a7550f7968f45eed6a2e3", "hash": "0c9f36dfd1a6dee9fa952c06ab7d9563", "format-version": 4, "code-base-name": "postgresql_database", "filename": "postgresql_database/db_visualizer/package.json", "revision_history": [{"9": "b7b98e0b215d51c7170a7550f7968f45eed6a2e3"}]}