{"is_source_file": false, "format": "", "description": "", "external_files": [], "external_methods": [], "published": [], "classes": [], "methods": [], "calls": [], "search-terms": [], "state": 2, "file_id": 1, "knowledge_revision": 10, "git_revision": "9ea64ca9711128fcd3d48901d8baac24a1b920d7", "hash": "d3f6101e2867d0ef714eea8d69c8d950", "format-version": 4, "code-base-name": "postgresql_database", "filename": "README.md", "revision_history": [{"10": "9ea64ca9711128fcd3d48901d8baac24a1b920d7"}]}